{"cameraMode":{"drawMode":0,"name":"Shaded","section":"Shading Mode"},"sceneLighting":true,"audioPlay":false,"sceneViewState":{"m_AlwaysRefresh":false,"showFog":true,"showSkybox":true,"showFlares":true,"showImageEffects":true,"showParticleSystems":true,"showVisualEffectGraphs":true,"m_FxEnabled":true},"in2DMode":false,"pivot":{"x":-9.586657524108887,"y":32.07020950317383,"z":-1295.660888671875},"rotation":{"x":0.00008572371734771878,"y":0.9998800158500671,"z":0.014689136296510697,"w":-0.005699423141777515},"size":480.38897705078127,"orthographic":false}